text,label
I think i feel unsafe but i am not sure,suspicious
Please i will reach home soon,normal
I think i feel like something is wrong,suspicious
I am feeling nervous about someone nearby,suspicious
Please hi,normal
Please help me choose a dress,normal
"Please listen, please come quickly, i am in immediate danger",emergency
There is a strange person near me,suspicious
I need you to i am going home,normal
"Please help, call the police, i am in danger",emergency
I am waiting for my friend,normal
I am trapped with someone dangerous,emergency
I am going shopping,normal
Someone is behaving strangely near me,suspicious
I am going to sleep,normal
Can you help me with this project,normal
"I want to tell you, i am worried about the person behind me",suspicious
I need you to i am watching a movie,normal
"Please listen, i am being threatened right now",emergency
I am at the market,normal
"Call the police, I am in danger",emergency
I am travelling,normal
I am listening to music,normal
I am studying,normal
Help me understand this question,normal
"Please listen, i am trapped with someone dangerous",emergency
I need you to i am fine,normal
Someone is standing very close to me,suspicious
"I want to tell you, this situation feels strange",suspicious
"Emergency, please help, i cannot get away from this person",emergency
"Emergency, help me, someone is following me",emergency
Please send help immediately,emergency
Someone keeps coming near me,suspicious
Someone is hurting me,emergency
How are you,normal
Can you please hello,normal
Can you help me carry these books,normal
Can you help me with this form,normal
"Help me, someone is following me",emergency
"Please listen, please call emergency services, i am not safe",emergency
Please help me with this assignment,normal
"I need help, help me, i am being attacked",emergency
Can you please i am using my laptop,normal
Someone has entered my room and I am scared,emergency
"I want to tell you, i think someone is waiting for me",suspicious
Can you help me take a photo,normal
I am being threatened right now,emergency
I am working,normal
"I want to tell you, someone is standing very close to me",suspicious
I am scared but I don't know what to do,suspicious
I need you to good morning,normal
I am watching a movie,normal
I feel unsafe but I am not sure,suspicious
"Help me, I am afraid for my life",emergency
I am safe,normal
Can you help me carry this bag,normal
Someone is threatening me right now,emergency
"Emergency, someone is attacking me, please help",emergency
Please help me select a movie,normal
Please help me organize my books,normal
I am fine,normal
"Please listen, i need someone to stay on the phone",suspicious
Please help me cook dinner,normal
"I need help, please save me, someone is trying to hurt me",emergency
Can you please i am going shopping,normal
I need someone to stay on the phone,suspicious
I am doing my homework,normal
I need you to how are you,normal
I need you to i am meeting my friend,normal
Hello,normal
I think someone keeps looking at me,suspicious
I think i don't feel comfortable around this person,suspicious
This situation feels strange,suspicious
Please help me make tea,normal
"Please help, someone is threatening me right now",emergency
Help me find my phone,normal
Help me prepare for my exam,normal
Can you please i will call you later,normal
Help me with my homework,normal
I am using my laptop,normal
"Please listen, i feel uncomfortable here",suspicious
"I cannot escape, please call the police",emergency
"I am being assaulted, please help",emergency
Can you help me book a ticket,normal
"Please help, I cannot get away from this person",emergency
Please i am having dinner,normal
"Emergency, i am being followed and the person is threatening me",emergency
"I want to tell you, i am scared but i don't know what to do",suspicious
Please help me charge my phone,normal
I think i think someone is following me,suspicious
I feel like something is wrong,suspicious
"I am in danger, please help me",emergency
Can you help me open this bottle,normal
Please i am travelling,normal
"I want to tell you, i think someone is watching me",suspicious
I think there is someone outside my room,suspicious
I am worried about the person behind me,suspicious
"Emergency, i am locked inside and need emergency help",emergency
Can you please i am safe,normal
Can you please i am doing my homework,normal
I don't feel comfortable around this person,suspicious
Everything is fine,normal
Please i am going to sleep,normal
"Please listen, i am alone and i feel uneasy",suspicious
"Please listen, i cannot escape, please call the police",emergency
I feel uncomfortable here,suspicious
Please help me with my computer,normal
Someone is trying to enter my room,emergency
I am trapped and cannot get away,emergency
Help me find my keys,normal
Help me find the classroom,normal
I am going home,normal
Help me choose a gift,normal
"Please help, someone is chasing me",emergency
"I want to tell you, i am feeling nervous about someone nearby",suspicious
Please i am at the market,normal
"Call the police, someone is trying to hurt me",emergency
"Please call emergency services, I am not safe",emergency
"Emergency, i am trapped and cannot get away",emergency
"Emergency, please send help immediately",emergency
I am being followed and the person is threatening me,emergency
I am going to college,normal
"I need help, help me, i am afraid for my life",emergency
Please i am waiting for my friend,normal
I am cooking food,normal
I am not sure if I am safe,suspicious
"I need help, please help, someone is chasing me",emergency
Good morning,normal
I am meeting my friend,normal
"Someone is attacking me, please help",emergency
"Please help, i am in danger, please help me",emergency
I think someone is behaving strangely near me,suspicious
"Please help, someone is trying to enter my room",emergency
I think someone is waiting for me,suspicious
I think someone is following me,suspicious
I need you to i am cooking food,normal
I think someone is watching me,suspicious
"Please help, call the police, someone is trying to hurt me",emergency
There is someone outside my room,suspicious
Can you help me fix this file,normal
Someone is attacking me and I need help now,emergency
I will reach home soon,normal
I am alone and I feel uneasy,suspicious
"Emergency, someone is attacking me and i need help now",emergency
"I want to tell you, i am not sure if i am safe",suspicious
Help me clean the room,normal
"Please help, someone is hurting me",emergency
Hi,normal
Someone keeps looking at me,suspicious
"Emergency, i am being assaulted, please help",emergency
"I want to tell you, someone keeps coming near me",suspicious
Please i am studying,normal
Can you please everything is fine,normal
I need you to i am working,normal
"Please come quickly, I am in immediate danger",emergency
"Please save me, someone is trying to hurt me",emergency
"Please listen, there is a strange person near me",suspicious
"Emergency, someone has entered my room and i am scared",emergency
I will call you later,normal
"Help me, I am being attacked",emergency
Please i am listening to music,normal
I am having dinner,normal
I am locked inside and need emergency help,emergency
Can you please i am going to college,normal
